{
  "tintColor" : {
    "green" : 0.78431373834609985,
    "red" : 0.35294118523597717,
    "alpha" : 1,
    "blue" : 0.98039215803146362
  },
  "class" : "CLKComplicationTemplateCircularSmallRingImage",
  "fillFraction" : 0,
  "ringStyle" : 0,
  "version" : 30000,
  "imageProvider" : {
    "onePieceImage" : {
      "file name" : "393CDBB9-BCB3-4658-B170-EEC003F64F08.png",
      "scale" : 2
    }
  }
}