{
  "tintColor" : {
    "green" : 0.78431373834609985,
    "red" : 0.35294118523597717,
    "alpha" : 1,
    "blue" : 0.98039215803146362
  },
  "class" : "CLKComplicationTemplateModularSmallSimpleImage",
  "version" : 30000,
  "imageProvider" : {
    "onePieceImage" : {
      "file name" : "CA4DD92C-5266-4394-9C8B-529B9B10AB8F.png",
      "scale" : 2
    }
  }
}